,name,album,artist,release_date,length,popularity,danceability,acousticness,danceability,energy,instrumentalness,liveness,loudness,speechiness,tempo,time_signature
0,good 4 u,good 4 u,Olivia Rodrigo,2021-05-14,178147,98,0.556,0.3,0.556,0.661,0.0,0.101,-5.052,0.204,168.56,4
1,Peaches (feat. Daniel Caesar & Giveon),Justice,Justin Bieber,2021-03-19,198081,98,0.677,0.321,0.677,0.696,0.0,0.42,-6.181,0.119,90.03,4
2,Lost Cause,Lost Cause,Billie Eilish,2021-06-02,212496,87,0.671,0.705,0.671,0.336,0.00751,0.0577,-8.494,0.241,75.051,4
3,You,You,Regard,2021-04-16,233386,85,0.691,0.0592,0.691,0.695,0.0,0.0647,-5.6,0.0367,106.064,4
4,Solar Power,Solar Power,Lorde,2021-06-10,192621,63,0.735,0.266,0.735,0.47,0.000105,0.32,-9.405,0.1,87.971,4
5,34+35,Positions,Ariana Grande,2020-10-30,173710,88,0.83,0.237,0.83,0.585,0.0,0.248,-6.476,0.094,109.978,4
6,Leave Before You Love Me (with Jonas Brothers),Leave Before You Love Me,Marshmello,2021-05-21,154983,84,0.721,0.00226,0.721,0.738,4.41e-06,0.118,-4.77,0.0403,119.976,4
7,Heat Waves,Dreamland,Glass Animals,2020-08-07,238805,84,0.761,0.44,0.761,0.525,6.7e-06,0.0921,-6.9,0.0944,80.87,4
8,Mirror,Mirror,Sigrid,2021-05-26,156167,70,0.735,0.00381,0.735,0.689,0.00146,0.409,-5.41,0.0513,116.94,4
9,Save Your Tears (with Ariana Grande) (Remix),Save Your Tears (Remix),The Weeknd,2021-04-23,191013,95,0.65,0.0215,0.65,0.825,2.44e-05,0.0936,-4.645,0.0325,118.091,4
10,Hold On,Hold On,Justin Bieber,2021-03-05,170813,88,0.658,0.0106,0.658,0.634,0.0,0.132,-5.797,0.0413,139.98,4
11,Therefore I Am,Therefore I Am,Billie Eilish,2020-11-12,174321,87,0.889,0.218,0.889,0.34,0.13,0.055,-7.773,0.0697,94.009,4
12,Paradise (feat. Dermot Kennedy),Paradise,MEDUZA,2020-10-30,167903,88,0.632,0.0689,0.632,0.595,0.0,0.209,-7.644,0.0401,124.114,4
13,positions,positions,Ariana Grande,2020-10-23,172324,19,0.736,0.468,0.736,0.802,0.0,0.094,-4.759,0.0864,144.005,4
14,Blinding Lights,After Hours,The Weeknd,2020-03-20,200040,94,0.514,0.00146,0.514,0.73,9.54e-05,0.0897,-5.934,0.0598,171.005,4
15,drivers license,drivers license,Olivia Rodrigo,2021-01-08,242013,93,0.585,0.721,0.585,0.436,1.31e-05,0.105,-8.761,0.0601,143.874,4
16,Jalebi Baby (Tesher x Jason Derulo),Jalebi Baby (Tesher x Jason Derulo),Tesher,2021-05-28,169154,73,0.691,0.0289,0.691,0.829,0.0,0.254,-7.179,0.0412,93.059,4
17,Levitating (feat. DaBaby),Future Nostalgia,Dua Lipa,2020-03-27,203064,91,0.702,0.00883,0.702,0.825,0.0,0.0674,-3.787,0.0601,102.977,4
18,Selfish Love (with Selena Gomez),Selfish Love (with Selena Gomez),DJ Snake,2021-03-04,168648,78,0.723,0.0206,0.723,0.646,0.352,0.0994,-7.973,0.102,110.971,4
19,willow,evermore,Taylor Swift,2020-12-11,214706,81,0.392,0.833,0.392,0.574,0.00179,0.145,-9.195,0.17,81.112,4
20,deja vu,deja vu,Olivia Rodrigo,2021-04-01,215507,94,0.439,0.593,0.439,0.61,1.07e-05,0.341,-7.236,0.116,181.088,4
21,Burning Fire,Burning Fire,Camino,2021-04-23,231253,61,0.754,0.0173,0.754,0.738,1.25e-05,0.128,-5.841,0.0385,103.011,4
22,Arcade (feat. FLETCHER),Arcade (feat. FLETCHER),Duncan Laurence,2020-11-27,187453,61,0.446,0.815,0.446,0.395,0.00216,0.128,-9.328,0.0365,71.944,3
23,Diamonds,Love Goes,Sam Smith,2020-10-30,213869,74,0.637,0.161,0.637,0.666,0.0,0.108,-6.773,0.0494,104.02,4
24,Skin,Skin,Sabrina Carpenter,2021-01-22,177500,79,0.557,0.428,0.557,0.457,0.0,0.0567,-5.372,0.0335,105.918,4
25,You (with Marshmello & Vance Joy),You (with Marshmello & Vance Joy),benny blanco,2021-01-29,169632,76,0.668,0.0493,0.668,0.563,0.0,0.119,-6.433,0.0522,103.116,4
26,What’s Next,Scary Hours 2,Drake,2021-03-05,178153,85,0.781,0.0136,0.781,0.594,0.0,0.162,-6.959,0.0485,129.895,4
27,Met Him Last Night (feat. Ariana Grande),Dancing With The Devil…The Art of Starting Over,Demi Lovato,2021-04-02,204631,80,0.538,0.22,0.538,0.512,0.0,0.101,-4.548,0.0262,144.978,4
28,Anyone,Anyone,Justin Bieber,2021-01-01,190779,84,0.686,0.181,0.686,0.538,3.13e-06,0.113,-8.026,0.0345,115.884,4
29,Love Story (Taylor’s Version),Love Story (Taylor’s Version),Taylor Swift,2021-02-12,235766,78,0.626,0.135,0.626,0.79,3.97e-06,0.0989,-4.302,0.0311,119.082,4
30,2Drunk,Spaceman,Nick Jonas,2021-03-12,192319,65,0.648,0.0332,0.648,0.798,0.0,0.201,-6.088,0.179,156.023,4
31,Osaka,Osaka,SHAED,2021-04-09,139733,48,0.646,0.0581,0.646,0.717,0.000122,0.357,-5.289,0.0398,153.016,4
32,Save Your Tears,After Hours,The Weeknd,2020-03-20,215626,92,0.68,0.0212,0.68,0.826,1.24e-05,0.543,-5.487,0.0309,118.051,4
33,Crazy While We're Young - Friendzone Remix,Crazy While We're Young - Friendzone Remix,Crystal Skies,2021-05-27,148055,42,0.608,0.154,0.608,0.689,2.45e-05,0.181,-6.121,0.0436,108.079,4
34,ily (i love you baby) (feat. Emilee),ily (i love you baby) (feat. Emilee),Surf Mesa,2019-11-26,176546,84,0.674,0.0686,0.674,0.774,0.00188,0.393,-7.567,0.0892,112.05,4
35,Maniac,Kid Krow,Conan Gray,2020-03-20,185773,84,0.628,0.00162,0.628,0.639,0.0,0.354,-5.46,0.0435,108.045,4
36,If I Didn't Have You,If I Didn't Have You,BANNERS,2021-03-12,225847,64,0.628,0.0914,0.628,0.699,1.54e-05,0.0739,-7.772,0.0309,136.03,4
37,We're Good,Future Nostalgia (The Moonlight Edition),Dua Lipa,2021-02-11,165506,88,0.722,0.0319,0.722,0.588,0.0,0.183,-5.932,0.0544,134.01,4
38,Fool's Gold,Fool's Gold,Sofia Carson,2021-03-26,141984,57,0.77,0.00599,0.77,0.618,3.22e-06,0.0486,-5.232,0.0529,114.027,4
39,Supalonely,STELLA & STEVE,BENEE,2019-11-15,223480,79,0.863,0.305,0.863,0.631,3.04e-05,0.123,-4.689,0.0534,128.977,4
40,Lemonade,"Lemonade (feat. Gunna, Don Toliver & NAV)",Internet Money,2020-08-14,195428,84,0.799,0.256,0.799,0.66,0.0,0.111,-6.153,0.079,140.04,4
41,Keep On Coming,Keep On Coming,Gia Woods,2019-04-05,189312,41,0.662,0.0317,0.662,0.659,0.0,0.086,-6.123,0.0482,90.04,4
42,Overdrive,Overdrive,Conan Gray,2021-02-19,183070,76,0.568,0.0101,0.568,0.788,0.0,0.141,-6.28,0.0377,104.959,4
43,The Nights,The Days / Nights,Avicii,2014-01-01,176658,86,0.527,0.0166,0.527,0.835,0.0,0.249,-5.298,0.0433,125.983,4
44,Inside Out (feat. Griff) - Maliboux Remix,Inside Out (feat. Griff) [Remixes],Zedd,2020-12-22,159637,49,0.872,0.524,0.872,0.533,6.86e-05,0.298,-4.406,0.204,124.029,4
45,Stuck with U (with Justin Bieber),Stuck with U,Ariana Grande,2020-05-08,228482,85,0.597,0.223,0.597,0.45,0.0,0.382,-6.658,0.0418,178.765,3
46,Holy (feat. Chance The Rapper),Holy,Justin Bieber,2020-09-18,212093,83,0.673,0.196,0.673,0.704,0.0,0.0898,-8.056,0.36,86.919,4
47,Heather,Kid Krow,Conan Gray,2020-03-20,198040,87,0.357,0.584,0.357,0.425,0.0,0.322,-7.301,0.0333,102.078,3
48,Your Love (9PM),Your Love (9PM),ATB,2021-01-15,150052,91,0.669,0.194,0.669,0.784,6.28e-06,0.115,-5.603,0.112,125.993,4
49,I Don't Wanna Know,I Don't Wanna Know,Friendzone,2021-02-25,202135,49,0.602,0.0233,0.602,0.763,0.0,0.0938,-3.776,0.059,103.044,4
50,Gotta Be You,Gotta Be You,NERVO,2021-01-08,149032,70,0.642,0.252,0.642,0.869,0.0288,0.0708,-5.271,0.0452,123.91,4
51,Lonely (with benny blanco),Lonely (with benny blanco),Justin Bieber,2020-10-16,149297,61,0.631,0.879,0.631,0.226,0.0,0.115,-7.257,0.0396,79.968,4
52,Hangover Love - Friendzone Remix,Hangover Love (Remixes),Kap Slap,2018-06-29,211200,39,0.63,0.0161,0.63,0.877,5.01e-05,0.117,-3.494,0.0891,200.035,4
53,Monster (Shawn Mendes & Justin Bieber),Monster,Shawn Mendes,2020-11-20,178994,82,0.652,0.0676,0.652,0.383,0.0,0.0828,-7.076,0.0516,145.765,4
54,Neighbors,Neighbors,Friendzone,2019-03-15,269714,22,0.712,0.191,0.712,0.849,0.000146,0.11,-4.762,0.0644,105.053,4
55,Beautiful Mistakes (feat. Megan Thee Stallion),Beautiful Mistakes (feat. Megan Thee Stallion),Maroon 5,2021-03-03,227395,91,0.713,0.0377,0.713,0.676,0.0,0.154,-5.483,0.027,99.048,4
56,"Peaches (Remix) feat. Ludacris, Usher & Snoop Dogg",Peaches (Remix),Justin Bieber,2021-06-07,229472,51,0.589,0.382,0.589,0.683,0.0,0.468,-6.643,0.255,89.694,4
57,Qué Más Pues?,Qué Más Pues?,J Balvin,2021-05-28,217773,86,0.891,0.0261,0.891,0.819,0.000354,0.173,-3.964,0.106,101.968,4
58,Run,Run,OneRepublic,2021-05-05,169010,87,0.682,0.326,0.682,0.72,0.0,0.148,-8.173,0.0381,117.003,4
59,Just For Me (with SZA) - Space Jam: A New Legacy,Just For Me (Space Jam: A New Legacy),SAINt JHN,2021-06-11,217394,37,0.714,0.311,0.714,0.691,2.08e-05,0.258,-4.322,0.0621,99.002,4
60,I Want Love,I Want Love,Jessie J,2021-06-11,197500,34,0.652,0.13,0.652,0.768,0.0,0.138,-3.566,0.0528,119.936,4
61,She Said,"Love, Victor: Season 2 (Original Soundtrack)",Various Artists,2021-06-11,167810,17,0.649,0.0364,0.649,0.758,4.12e-05,0.36,-5.647,0.0581,120.001,4
