,name,album,artist,music_category,release_date,length,popularity,link,danceability,acousticness,danceability,energy,instrumentalness,liveness,loudness,speechiness,tempo,time_signature
0,good 4 u,good 4 u,Olivia Rodrigo,['pop'],2021-05-14,178147,95,https://open.spotify.com/track/6PERP62TejQjgHu81OHxgM,0.556,0.3,0.556,0.661,0.0,0.101,-5.052,0.204,168.56,4
1,Peaches (feat. Daniel Caesar & Giveon),Justice,Justin Bieber,"['canadian pop', 'pop', 'post-teen pop']",2021-03-19,198081,98,https://open.spotify.com/track/4iJyoBOLtHqaGxP12qzhQI,0.677,0.321,0.677,0.696,0.0,0.42,-6.181,0.119,90.03,4
2,Save Your Tears (with Ariana Grande) (Remix),Save Your Tears (Remix),The Weeknd,"['canadian contemporary r&b', 'canadian pop', 'pop']",2021-04-23,191013,95,https://open.spotify.com/track/37BZB0z9T8Xu7U3e65qxFy,0.65,0.0215,0.65,0.825,2.44e-05,0.0936,-4.645,0.0325,118.091,4
3,Lost Cause,Lost Cause,Billie Eilish,"['electropop', 'pop']",2021-06-02,212496,89,https://open.spotify.com/track/2xdwCJLfKCkat14mlgR26M,0.671,0.705,0.671,0.336,0.00751,0.0577,-8.494,0.241,75.051,4
4,Heat Waves,Dreamland,Glass Animals,"['gauze pop', 'indietronica', 'shiver pop']",2020-08-07,238805,85,https://open.spotify.com/track/3USxtqRwSYz57Ewm6wWRMp,0.761,0.44,0.761,0.525,6.7e-06,0.0921,-6.9,0.0944,80.87,4
5,You,You,Regard,"['dance pop', 'edm', 'pop dance', 'pop edm', 'slap house', 'tropical house']",2021-04-16,233386,85,https://open.spotify.com/track/2cc8Sw1OnCuA5bV8nqWqpE,0.691,0.0592,0.691,0.695,0.0,0.0647,-5.6,0.0367,106.064,4
6,Leave Before You Love Me (with Jonas Brothers),Leave Before You Love Me,Marshmello,"['brostep', 'edm', 'pop', 'pop dance', 'progressive electro house']",2021-05-21,154983,88,https://open.spotify.com/track/4qu63nuBpdn0qHUHuObEj1,0.721,0.00226,0.721,0.738,4.41e-06,0.118,-4.77,0.0403,119.976,4
7,34+35,Positions,Ariana Grande,"['dance pop', 'pop', 'post-teen pop']",2020-10-30,173710,87,https://open.spotify.com/track/6Im9k8u9iIzKMrmV7BWtlF,0.83,0.237,0.83,0.585,0.0,0.248,-6.476,0.094,109.978,4
8,"His & Hers (feat. Don Toliver, Lil Uzi Vert & Gunna)","His & Hers (feat. Don Toliver, Lil Uzi Vert & Gunna)",Internet Money,"['pop rap', 'rap', 'trap']",2021-05-13,224042,84,https://open.spotify.com/track/2IePEfMAtqWS6rLXXFZIgI,0.792,0.116,0.792,0.707,0.0,0.12,-5.218,0.0623,134.997,4
9,Dinero,Dinero,Trinidad Cardona,[],2018-02-02,160880,88,https://open.spotify.com/track/3ggtU1ZOKO8ZNiqPNyXGcm,0.708,0.00772,0.708,0.782,0.0,0.107,-4.687,0.0674,119.997,4
10,Mirror,Mirror,Sigrid,"['dance pop', 'norwegian pop', 'pop']",2021-05-26,156167,72,https://open.spotify.com/track/4NjTrZ2IQeWnIbzyY2SOfz,0.735,0.00381,0.735,0.689,0.00146,0.409,-5.41,0.0513,116.94,4
11,Hold On,Hold On,Justin Bieber,"['canadian pop', 'pop', 'post-teen pop']",2021-03-05,170813,87,https://open.spotify.com/track/4u4NyuceXP7Uzh7XFJKCr1,0.658,0.0106,0.658,0.634,0.0,0.132,-5.797,0.0413,139.98,4
12,Therefore I Am,Therefore I Am,Billie Eilish,"['electropop', 'pop']",2020-11-12,174321,86,https://open.spotify.com/track/54bFM56PmE4YLRnqpW6Tha,0.889,0.218,0.889,0.34,0.13,0.055,-7.773,0.0697,94.009,4
13,positions,positions,Ariana Grande,"['dance pop', 'pop', 'post-teen pop']",2020-10-23,172324,14,https://open.spotify.com/track/7igeByaBM0MgGsgXtNxDJ7,0.736,0.468,0.736,0.802,0.0,0.094,-4.759,0.0864,144.005,4
14,Blinding Lights,After Hours,The Weeknd,"['canadian contemporary r&b', 'canadian pop', 'pop']",2020-03-20,200040,94,https://open.spotify.com/track/0VjIjW4GlUZAMYd2vXMi3b,0.514,0.00146,0.514,0.73,9.54e-05,0.0897,-5.934,0.0598,171.005,4
15,drivers license,drivers license,Olivia Rodrigo,['pop'],2021-01-08,242013,89,https://open.spotify.com/track/7lPN2DXiMsVn7XUKtOW1CS,0.585,0.721,0.585,0.436,1.31e-05,0.105,-8.761,0.0601,143.874,4
16,Jalebi Baby (Tesher x Jason Derulo),Jalebi Baby (Tesher x Jason Derulo),Tesher,['desi pop'],2021-05-28,169154,78,https://open.spotify.com/track/6FvSS3Goz7OC8oCC2eWqe8,0.691,0.0289,0.691,0.829,0.0,0.254,-7.179,0.0412,93.059,4
17,I Want Love,I Want Love,Jessie J,"['dance pop', 'electropop', 'pop', 'pop rap', 'post-teen pop']",2021-06-11,197500,71,https://open.spotify.com/track/4DqXhYryASlQ2W6IAZF8Un,0.652,0.13,0.652,0.768,0.0,0.138,-3.566,0.0528,119.936,4
18,Selfish Love (with Selena Gomez),Selfish Love (with Selena Gomez),DJ Snake,"['dance pop', 'edm', 'electronic trap', 'pop', 'pop dance', 'pop rap']",2021-03-04,168648,77,https://open.spotify.com/track/3XoflnowYPFRPOh3uFvHcm,0.723,0.0206,0.723,0.646,0.352,0.0994,-7.973,0.102,110.971,4
19,Levitating (feat. DaBaby),Future Nostalgia,Dua Lipa,"['dance pop', 'pop', 'uk pop']",2020-03-27,203064,92,https://open.spotify.com/track/5nujrmhLynf4yMoMtj8AQF,0.702,0.00883,0.702,0.825,0.0,0.0674,-3.787,0.0601,102.977,4
20,Solar Power,Solar Power,Lorde,"['art pop', 'dance pop', 'electropop', 'metropopolis', 'nz pop', 'pop', 'post-teen pop']",2021-06-10,192621,87,https://open.spotify.com/track/3KdoeNlEN0BoAKWzaRLNZa,0.735,0.266,0.735,0.47,0.000105,0.32,-9.405,0.1,87.971,4
21,willow,evermore,Taylor Swift,"['pop', 'post-teen pop']",2020-12-11,214706,81,https://open.spotify.com/track/0lx2cLdOt3piJbcaXIV74f,0.392,0.833,0.392,0.574,0.00179,0.145,-9.195,0.17,81.112,4
22,deja vu,deja vu,Olivia Rodrigo,['pop'],2021-04-01,215507,90,https://open.spotify.com/track/61KpQadow081I2AsbeLcsb,0.439,0.593,0.439,0.61,1.07e-05,0.341,-7.236,0.116,181.088,4
23,Arcade (feat. FLETCHER),Arcade (feat. FLETCHER),Duncan Laurence,['dutch pop'],2020-11-27,187453,60,https://open.spotify.com/track/1LaSuvCbVB87ANKGfjUTbh,0.446,0.815,0.446,0.395,0.00216,0.128,-9.328,0.0365,71.944,3
24,Diamonds,Love Goes,Sam Smith,"['dance pop', 'pop', 'post-teen pop', 'uk pop']",2020-10-30,213869,74,https://open.spotify.com/track/1hJIbOjWpid6LtnozHmzRS,0.637,0.161,0.637,0.666,0.0,0.108,-6.773,0.0494,104.02,4
25,Skin,Skin,Sabrina Carpenter,"['alt z', 'dance pop', 'electropop', 'pop', 'post-teen pop', 'viral pop']",2021-01-22,177500,78,https://open.spotify.com/track/03B2SfXuvDh1m9F4tqrX07,0.557,0.428,0.557,0.457,0.0,0.0567,-5.372,0.0335,105.918,4
26,You (with Marshmello & Vance Joy),You (with Marshmello & Vance Joy),benny blanco,"['electropop', 'pop', 'pop rap']",2021-01-29,169632,75,https://open.spotify.com/track/1GkHyypTFkUf0QQKwYoXH4,0.668,0.0493,0.668,0.563,0.0,0.119,-6.433,0.0522,103.116,4
27,Love Story (Taylor’s Version),Love Story (Taylor’s Version),Taylor Swift,"['pop', 'post-teen pop']",2021-02-12,235766,76,https://open.spotify.com/track/3CeCwYWvdfXbZLXFhBrbnf,0.626,0.135,0.626,0.79,3.97e-06,0.0989,-4.302,0.0311,119.082,4
28,What’s Next,Scary Hours 2,Drake,"['canadian hip hop', 'canadian pop', 'hip hop', 'pop rap', 'rap', 'toronto rap']",2021-03-05,178153,84,https://open.spotify.com/track/3aQem4jVGdhtg116TmJnHz,0.781,0.0136,0.781,0.594,0.0,0.162,-6.959,0.0485,129.895,4
29,Met Him Last Night (feat. Ariana Grande),Dancing With The Devil…The Art of Starting Over,Demi Lovato,"['dance pop', 'pop', 'post-teen pop']",2021-04-02,204631,78,https://open.spotify.com/track/0BI0hfbmqybnd3TezrDME3,0.538,0.22,0.538,0.512,0.0,0.101,-4.548,0.0262,144.978,4
30,Anyone,Anyone,Justin Bieber,"['canadian pop', 'pop', 'post-teen pop']",2021-01-01,190779,83,https://open.spotify.com/track/31qCy5ZaophVA81wtlwLc4,0.686,0.181,0.686,0.538,3.13e-06,0.113,-8.026,0.0345,115.884,4
31,Burning Fire,Burning Fire,Camino,[],2021-04-23,231253,61,https://open.spotify.com/track/4T0htb7ewTRs7AZ0qfvK12,0.754,0.0173,0.754,0.738,1.25e-05,0.128,-5.841,0.0385,103.011,4
32,Osaka,Osaka,SHAED,"['electropop', 'pop']",2021-04-09,139733,47,https://open.spotify.com/track/0mOgDwfv2nL3VWB6wuig1Z,0.646,0.0581,0.646,0.717,0.000122,0.357,-5.289,0.0398,153.016,4
33,Paradise (feat. Dermot Kennedy),Paradise,MEDUZA,"['dance pop', 'edm', 'pop dance', 'pop house', 'tropical house']",2020-10-30,167903,88,https://open.spotify.com/track/6ft4hAq6yde8jPZY2i5zLr,0.632,0.0689,0.632,0.595,0.0,0.209,-7.644,0.0401,124.114,4
34,bored&blind,bored&blind,ella jane,"['alt z', 'indie pop', 'modern indie pop']",2021-03-04,221657,56,https://open.spotify.com/track/5aNWkMWnXjJGMTj16ikdRd,0.734,0.103,0.734,0.545,0.000289,0.0882,-9.771,0.0597,146.076,4
35,2Drunk,Spaceman,Nick Jonas,"['dance pop', 'pop', 'post-teen pop', 'viral pop']",2021-03-12,192319,63,https://open.spotify.com/track/33o0xXMPY41CWwDTnxyM5Z,0.648,0.0332,0.648,0.798,0.0,0.201,-6.088,0.179,156.023,4
36,Crazy While We're Young - Friendzone Remix,Crazy While We're Young - Friendzone Remix,Crystal Skies,"['edm', 'future bass', 'melodic dubstep', 'pop dance', 'pop edm']",2021-05-27,148055,45,https://open.spotify.com/track/4uOB38YHMECrfSCQA3Jiud,0.608,0.154,0.608,0.689,2.45e-05,0.181,-6.121,0.0436,108.079,4
37,ily (i love you baby) (feat. Emilee),ily (i love you baby) (feat. Emilee),Surf Mesa,['tropical house'],2019-11-26,176546,84,https://open.spotify.com/track/62aP9fBQKYKxi7PDXwcUAS,0.674,0.0686,0.674,0.774,0.00188,0.393,-7.567,0.0892,112.05,4
38,Maniac,Kid Krow,Conan Gray,"['alt z', 'bedroom pop', 'electropop', 'indie pop', 'pop', 'post-teen pop']",2020-03-20,185773,84,https://open.spotify.com/track/6KfoDhO4XUWSbnyKjNp9c4,0.628,0.00162,0.628,0.639,0.0,0.354,-5.46,0.0435,108.045,4
39,If I Didn't Have You,If I Didn't Have You,BANNERS,"['indie cafe pop', 'indie poptimism', 'modern rock', 'pop', 'pop rock']",2021-03-12,225847,64,https://open.spotify.com/track/7Etf7VJoXNJlO4oMJRUDlT,0.628,0.0914,0.628,0.699,1.54e-05,0.0739,-7.772,0.0309,136.03,4
40,We're Good,Future Nostalgia (The Moonlight Edition),Dua Lipa,"['dance pop', 'pop', 'uk pop']",2021-02-11,165506,87,https://open.spotify.com/track/1diS6nkxMQc3wwC4G1j0bh,0.722,0.0319,0.722,0.588,0.0,0.183,-5.932,0.0544,134.01,4
41,Fool's Gold,Fool's Gold,Sofia Carson,"['dance pop', 'pop', 'post-teen pop', 'social media pop']",2021-03-26,141984,57,https://open.spotify.com/track/4rw4ME6nh2kFfpivQyOYyA,0.77,0.00599,0.77,0.618,3.22e-06,0.0486,-5.232,0.0529,114.027,4
42,Supalonely,STELLA & STEVE,BENEE,"['alt z', 'nz pop', 'pop']",2019-11-15,223480,79,https://open.spotify.com/track/4nK5YrxbMGZstTLbvj6Gxw,0.863,0.305,0.863,0.631,3.04e-05,0.123,-4.689,0.0534,128.977,4
43,Lemonade,"Lemonade (feat. Gunna, Don Toliver & NAV)",Internet Money,"['pop rap', 'rap', 'trap']",2020-08-14,195428,84,https://open.spotify.com/track/02kDW379Yfd5PzW5A6vuGt,0.799,0.256,0.799,0.66,0.0,0.111,-6.153,0.079,140.04,4
44,Overdrive,Overdrive,Conan Gray,"['alt z', 'bedroom pop', 'electropop', 'indie pop', 'pop', 'post-teen pop']",2021-02-19,183070,76,https://open.spotify.com/track/3QyoC6OvQUmpQwQZ18iaTs,0.568,0.0101,0.568,0.788,0.0,0.141,-6.28,0.0377,104.959,4
45,Inside Out (feat. Griff) - Maliboux Remix,Inside Out (feat. Griff) [Remixes],Zedd,"['complextro', 'dance pop', 'edm', 'electro house', 'electropop', 'german techno', 'pop', 'pop dance', 'post-teen pop', 'tropical house']",2020-12-22,159637,50,https://open.spotify.com/track/3GOLdvGmGfJ64R0meSCVD5,0.872,0.524,0.872,0.533,6.86e-05,0.298,-4.406,0.204,124.029,4
46,Stuck with U (with Justin Bieber),Stuck with U,Ariana Grande,"['dance pop', 'pop', 'post-teen pop']",2020-05-08,228482,85,https://open.spotify.com/track/4HBZA5flZLE435QTztThqH,0.597,0.223,0.597,0.45,0.0,0.382,-6.658,0.0418,178.765,3
47,Holy (feat. Chance The Rapper),Holy,Justin Bieber,"['canadian pop', 'pop', 'post-teen pop']",2020-09-18,212093,83,https://open.spotify.com/track/5u1n1kITHCxxp8twBcZxWy,0.673,0.196,0.673,0.704,0.0,0.0898,-8.056,0.36,86.919,4
48,Heather,Kid Krow,Conan Gray,"['alt z', 'bedroom pop', 'electropop', 'indie pop', 'pop', 'post-teen pop']",2020-03-20,198040,87,https://open.spotify.com/track/4xqrdfXkTW4T0RauPLv3WA,0.357,0.584,0.357,0.425,0.0,0.322,-7.301,0.0333,102.078,3
49,Your Love (9PM),Your Love (9PM),ATB,"['german dance', 'german techno', 'german trance', 'trance']",2021-01-15,150052,90,https://open.spotify.com/track/5YaskwnGDZFDRipaqzbwQx,0.669,0.194,0.669,0.784,6.28e-06,0.115,-5.603,0.112,125.993,4
50,I Don't Wanna Know,I Don't Wanna Know,Friendzone,[],2021-02-25,202135,49,https://open.spotify.com/track/7BNVTdnnoMPzj8URWmmGMU,0.602,0.0233,0.602,0.763,0.0,0.0938,-3.776,0.059,103.044,4
51,Lonely (with benny blanco),Lonely (with benny blanco),Justin Bieber,"['canadian pop', 'pop', 'post-teen pop']",2020-10-16,149297,60,https://open.spotify.com/track/7HWetAoWK9qkFM575HONAY,0.631,0.879,0.631,0.226,0.0,0.115,-7.257,0.0396,79.968,4
52,Clouds,Clouds,Slayyyter,"['art pop', 'dance pop', 'electropop', 'escape room', 'hyperpop', 'pop']",2021-02-26,190990,56,https://open.spotify.com/track/6uJdKvwRPpq35xuJlKyQMJ,0.66,0.00132,0.66,0.703,0.000327,0.0833,-9.791,0.0375,123.939,4
53,Hangover Love - Friendzone Remix,Hangover Love (Remixes),Kap Slap,['pop edm'],2018-06-29,211200,41,https://open.spotify.com/track/4prtW9m0ZbBTwSuc6bUTa8,0.63,0.0161,0.63,0.877,5.01e-05,0.117,-3.494,0.0891,200.035,4
54,Monster (Shawn Mendes & Justin Bieber),Monster,Shawn Mendes,"['canadian pop', 'dance pop', 'pop', 'post-teen pop', 'viral pop']",2020-11-20,178994,81,https://open.spotify.com/track/2Z8yfpFX0ZMavHkcIeHiO1,0.652,0.0676,0.652,0.383,0.0,0.0828,-7.076,0.0516,145.765,4
55,Neighbors,Neighbors,Friendzone,[],2019-03-15,269714,15,https://open.spotify.com/track/77ucZ3yAXxeY93k3NyDl6V,0.712,0.191,0.712,0.849,0.000146,0.11,-4.762,0.0644,105.053,4
56,Beautiful Mistakes (feat. Megan Thee Stallion),Beautiful Mistakes (feat. Megan Thee Stallion),Maroon 5,"['pop', 'pop rock']",2021-03-03,227395,86,https://open.spotify.com/track/6fRxMU4LWwyaSSowV441IU,0.713,0.0377,0.713,0.676,0.0,0.154,-5.483,0.027,99.048,4
57,"Peaches (Remix) feat. Ludacris, Usher & Snoop Dogg",Peaches (Remix),Justin Bieber,"['canadian pop', 'pop', 'post-teen pop']",2021-06-07,229472,55,https://open.spotify.com/track/010basloOyV7QxUPzYx7IC,0.589,0.382,0.589,0.683,0.0,0.468,-6.643,0.255,89.694,4
58,Gotta Be You,Gotta Be You,NERVO,"['australian dance', 'dance pop', 'edm', 'electra', 'electro house', 'house', 'pop dance', 'pop edm', 'progressive electro house', 'progressive house']",2021-01-08,149032,70,https://open.spotify.com/track/2Q8fFORnsDE6I3RNvSLXSf,0.642,0.252,0.642,0.869,0.0288,0.0708,-5.271,0.0452,123.91,4
59,Run,Run,OneRepublic,"['dance pop', 'piano rock', 'pop', 'pop rock']",2021-05-05,169010,89,https://open.spotify.com/track/2UbVnbE5FH6008mAm6Mmgw,0.682,0.326,0.682,0.72,0.0,0.148,-8.173,0.0381,117.003,4
60,Just For Me (with SZA) - Space Jam: A New Legacy,Just For Me (Space Jam: A New Legacy),SAINt JHN,"['melodic rap', 'pop rap', 'rap', 'slap house']",2021-06-11,217394,74,https://open.spotify.com/track/3B5yl01KF06NkYG39BdTBa,0.714,0.311,0.714,0.691,2.08e-05,0.258,-4.322,0.0621,99.002,4
61,She Said,"Love, Victor: Season 2 (Original Soundtrack)",Various Artists,"['alt z', 'dance pop', 'electropop', 'indie cafe pop', 'indie poptimism', 'pop', 'post-teen pop']",2021-06-11,167810,57,https://open.spotify.com/track/1UNWD6R5EOFklUHKZZvww2,0.649,0.0364,0.649,0.758,4.12e-05,0.36,-5.647,0.0581,120.001,4
62,"The Rose Song - From ""High School Musical: The Musical: The Series (Season 2)""","The Rose Song [From ""High School Musical: The Musical: The Series (Season 2)""]",Olivia Rodrigo,['pop'],2021-06-18,174380,76,https://open.spotify.com/track/3qxzozdGFaBxQ0X4HkrMr0,0.437,0.784,0.437,0.372,0.0,0.107,-9.0,0.0373,141.786,4
63,Wave of You,Wave of You,Surfaces,"['bedroom soul', 'pop']",2021-04-09,213842,78,https://open.spotify.com/track/5Ne1q9Hv3l2NHBA3Agt8WT,0.695,0.057,0.695,0.656,0.0,0.267,-6.038,0.0489,90.986,4
64,Healing,Healing,FLETCHER,"['alt z', 'dance pop', 'electropop', 'indie cafe pop', 'indie poptimism', 'pop', 'post-teen pop']",2021-06-25,187544,68,https://open.spotify.com/track/2jgq1RlYLt4FZldm4KAfj2,0.572,0.543,0.572,0.621,2.19e-06,0.124,-7.298,0.0336,159.989,4
65,Lose My Mind,Love and Lies,Anthony Ramos,"['hollywood', 'show tunes']",2021-06-25,198251,54,https://open.spotify.com/track/48umo4ObD6mUEbQNDyHUr3,0.645,0.00173,0.645,0.776,0.0,0.0939,-4.56,0.0545,112.036,4
66,Next,Next,Olivia Holt,"['alt z', 'dance pop', 'pop', 'post-teen pop', 'social media pop']",2021-06-25,175755,51,https://open.spotify.com/track/0ykb4JkCWsucctJq9XxArc,0.757,0.0199,0.757,0.776,1.5e-06,0.351,-6.058,0.0359,134.11,4
67,Kick Back Time,Kick Back Time,LODATO,['pop edm'],2021-06-25,198095,33,https://open.spotify.com/track/0A93w5ytpCdLKxbvMWBqiZ,0.652,0.00161,0.652,0.871,8.9e-06,0.0701,-5.158,0.0881,126.037,4
68,My Way (feat. Young Jae),My Way (feat. Young Jae),Jean Juan,['slap house'],2021-06-25,174375,45,https://open.spotify.com/track/7bu01vNDKwF8viM7C1qGeI,0.769,0.0887,0.769,0.651,0.0,0.146,-7.48,0.0354,128.005,4
69,More Than A Woman - SG's Paradise Edit,More Than A Woman (SG's Paradise Edit),Bee Gees,"['disco', 'mellow gold', 'soft rock']",2021-06-25,357936,61,https://open.spotify.com/track/0L3XCv9i9IHs8cJEVhsJ3J,0.679,0.00469,0.679,0.762,0.23,0.0446,-4.253,0.0316,105.407,4
70,In The Night,Love and Lies,Anthony Ramos,"['hollywood', 'show tunes']",2021-06-25,189129,45,https://open.spotify.com/track/2inzUGpHW9psnVuvtpfd8m,0.787,0.148,0.787,0.713,0.0,0.117,-5.904,0.0865,104.035,4
71,"He Loves Me, But...","He Loves Me, But...",Sofia Carson,"['dance pop', 'pop', 'post-teen pop', 'social media pop']",2021-06-11,146799,53,https://open.spotify.com/track/0VcG40rmeEpUrAhPgPf6zh,0.691,0.0365,0.691,0.64,0.0,0.119,-6.803,0.165,89.002,4
72,Palm Reader,Palm Reader,DREAMERS,"['indie poptimism', 'modern alternative rock', 'modern rock', 'pop rock', 'rock']",2021-03-05,180667,57,https://open.spotify.com/track/5LtrJHnBO57EoVHsLR6xR8,0.813,0.012,0.813,0.774,4.53e-06,0.0616,-3.923,0.0341,105.997,4
